<!-- https://www.playframework.com/documentation/latest/SettingsLogger -->
<configuration>

    <appender name="STDOUT" class="ch.qos.logback.core.ConsoleAppender">
        <encoder>
            <pattern>%d [%-15.15t] %-5p %-30.30c{1} - %m%n</pattern>
        </encoder>
    </appender>

    <appender name="ASYNCSTDOUT" class="ch.qos.logback.classic.AsyncAppender">
        <appender-ref ref="STDOUT" />
    </appender>

    <logger name="play" level="INFO" />
    <logger name="controllers" level="DEBUG" />
    <logger name="modules" level="DEBUG" />

    <root level="WARN">
        <appender-ref ref="ASYNCSTDOUT" />
    </root>

</configuration>
